,구별,인구수,한국인,외국인,고령자,외국인비율,고령자비율
1,종로구,162820.0,153589.0,9231.0,25425.0,5.669450927404496,15.61540351308193
2,중구,133240.0,124312.0,8928.0,20764.0,6.700690483338337,15.583908736115282
3,용산구,244203.0,229456.0,14747.0,36231.0,6.038828351822049,14.836427070920505
4,성동구,311244.0,303380.0,7864.0,39997.0,2.5266350515993885,12.850689491203044
5,광진구,372164.0,357211.0,14953.0,42214.0,4.017852344665255,11.34284885158156
6,동대문구,369496.0,354079.0,15417.0,54173.0,4.172440297053283,14.661322450040053
7,중랑구,414503.0,409882.0,4621.0,56774.0,1.114829084469835,13.696885185390698
8,성북구,461260.0,449773.0,11487.0,64692.0,2.4903525126826516,14.025061787278325
9,강북구,330192.0,326686.0,3506.0,54813.0,1.0618064641178466,16.600341619421428
10,도봉구,348646.0,346629.0,2017.0,51312.0,0.5785237748317777,14.717507156255916
11,노원구,569384.0,565565.0,3819.0,71941.0,0.6707248535259157,12.634882609978504
12,은평구,494388.0,489943.0,4445.0,72334.0,0.899091401894868,14.631018552230232
13,서대문구,327163.0,314982.0,12181.0,48161.0,3.7232205353294843,14.720796667104777
14,마포구,389649.0,378566.0,11083.0,48765.0,2.844354791106868,12.515109752623516
15,양천구,479978.0,475949.0,4029.0,52975.0,0.8394134731175179,11.036964194192233
16,강서구,603772.0,597248.0,6524.0,72548.0,1.080540336418383,12.015794041459358
17,구로구,447874.0,416487.0,31387.0,56833.0,7.007997785091343,12.68950642368166
18,금천구,255082.0,236353.0,18729.0,32970.0,7.342344814608635,12.925255408064857
19,영등포구,402985.0,368072.0,34913.0,52413.0,8.663597900666279,13.006191297442832
20,동작구,412520.0,400456.0,12064.0,56013.0,2.9244642683991082,13.578250751478716
21,관악구,525515.0,507203.0,18312.0,68082.0,3.4845817911953034,12.955291475980705
22,서초구,450310.0,445994.0,4316.0,51733.0,0.9584508449734627,11.488308054451378
23,강남구,570500.0,565550.0,4950.0,63167.0,0.8676599474145487,11.07221735319895
24,송파구,667483.0,660584.0,6899.0,72506.0,1.0335843759316716,10.862598747833278
25,강동구,453233.0,449019.0,4214.0,54622.0,0.9297646023127177,12.051637899270354
